TreeID,StandID,Plot,Tag,Northing,Easting,Cell,PrevYear,Species,PrevStatus,PrevHeight,PrevComments
63948576,RS01,639,48576,10,64,G9,2022,THPL,5,0,", "
63948508,RS01,639,48508,10,61,G9,2022,THPL,4,0,", "
63948574,RS01,639,48574,23,30,D8,2022,THPL,4,0,", "
63948524,RS01,639,48524,44,52,F6,2022,PSME,4,0,", "
63948598,RS01,639,48598,11,96,J9,2022,BENE,1,43,", "
63948543,RS01,639,48543,42,60,F6,2022,BENE,4,0,", "
63948594,RS01,639,48594,69,53,F4,2022,BENE,1,50,", "
63948579,RS01,639,48579,0,27,C10,2022,BENE,1,39,", "
63948503,RS01,639,48503,23,4,A8,2022,BENE,1,21,", "
63948528,RS01,639,48528,37,21,C7,2022,BENE,4,0,", "
63948550,RS01,639,48550,37,20,C7,2022,BENE,4,0,", "
63948565,RS01,639,48565,42,1,A6,2022,BENE,1,35,", "
63948595,RS01,639,48595,42,10,B6,2022,BENE,4,0,", "
63948567,RS01,639,48567,50,11,B5,2022,BENE,1,49,", "
63948515,RS01,639,48515,51,16,B5,2022,BENE,1,84,", MULTI WITH 48590"
63948590,RS01,639,48590,51,17,B5,2022,BENE,1,66,", "
63948511,RS01,639,48511,53,10,B5,2022,BENE,1,70,", "
63948538,RS01,639,48538,58,10,B5,2022,BENE,1,49,", "
63948581,RS01,639,48581,82,3,A2,2022,BENE,1,66,", "
63948504,RS01,639,48504,83,1,A2,2022,BENE,1,64,", "
63947603,RS01,639,47603,73,22,C2,2022,SYMO,1,202,NA ID UPDATED FROM APAN2
63947680,RS01,639,47680,77,30,D3,2022,SYMO,1,185,NA 
63912377,RS01,639,12377,70,30,D3,2022,SYMO,1,134,NA 
63912330,RS01,639,12330,68,27,C4,2022,SYMO,1,91,NA 
63947997,RS01,639,47997,63,42,E4,2022,SYMO,1,131,NA 
63947965,RS01,639,47965,21,44,E8,2022,SYMO,1,55,NA 
63848520,RS01,638,48520,94,86,I1,2022,PSME,1,52,", "
63848584,RS01,638,48584,73,6,A3,2022,BENE,1,24,", "
63848502,RS01,638,48502,34,54,F7,2022,BENE,3,18,NA 
64048513,RS01,640,48513,28,77,H8,2022,PSME,4,0,", "
64048558,RS01,640,48558,58,88,I5,2022,PSME,1,75,", "
64048544,RS01,640,48544,30,25,C7,2022,PSME,4,0,", "
64048587,RS01,640,48587,4,93,J10,2022,BENE,1,65,", "
64048506,RS01,640,48506,26,47,E8,2022,BENE,1,99,", "
64048536,RS01,640,48536,25,8,A8,2022,BENE,1,77,", "
64048516,RS01,640,48516,0,43,E10,2022,BENE,1,64,", "
64048589,RS01,640,48589,61,77,H4,2022,BENE,1,65,", "
64048507,RS01,640,48507,90,94,J1,2022,BENE,1,61,", "
64047676,RS01,640,47676,71,62,G3,2022,BENE,3,46,NA 
640476987,RS01,640,476987,79,92,J3,2022,BENE,3,39,NA 
64012350,RS01,640,12350,82,91,J2,2022,BENE,3,43,NA 
64047933,RS01,640,47933,64,72,H4,2022,BENE,3,27,NA 
64012333,RS01,640,12333,4,96,J10,2022,BENE,3,26,NA 
64148512,RS01,641,48512,35,47,E7,2022,PSME,4,0,", "
64148591,RS01,641,48591,22,100,J8,2022,PSME,4,0,", "
64248531,RS01,642,48531,9,2,A10,2022,PSME,4,0,", "
64248580,RS01,642,48580,10,31,D9,2022,PSME,1,66,", "
64248556,RS01,642,48556,10,33,D9,2022,PSME,6,0,", "
64212311,RS01,642,12311,34,41,E7,2022,HODI,1,348,NA ID UPDATED FROM TODI 2022
64848782,RS01,648,48782,17,88,I9,2022,BENE,1,62,", "
64848744,RS01,648,48744,96,3,A1,2022,PSME,1,75,", "
64848746,RS01,648,48746,24,37,D8,2022,BENE,1,104,", "
64848783,RS01,648,48783,27,39,D8,2022,BENE,1,66,", "
64848743,RS01,648,48743,40,60,G6,2022,BENE,1,56,", "
64848781,RS01,648,48781,62,14,B4,2022,BENE,1,116,", "
64848749,RS01,648,48749,63,5,A4,2022,BENE,1,55,", "
64848765,RS01,648,48765,71,8,A3,2022,BENE,1,93,", "
64848706,RS01,648,48706,75,3,A3,2022,BENE,1,75,", "
64848777,RS01,648,48777,90,1,A1,2022,BENE,1,80,", "
64848788,RS01,648,48788,81,60,G2,2022,BENE,1,73,", "
64848555,RS01,648,48555,20,39,D8,2022,BENE,1,66,", "
648TODI1,RS01,648,TODI1,81,85,I2,2022,PICO,1,5,NA COVERS 5 CELLS. NOT TAGGED FOR OBVIOUS REASONS.
64348600,RS01,643,48600,69,5,A4,2022,PSME,1,46,", "
64348998,RS01,643,48998,41,12,B6,2022,PSME,6,0,", "
64348904,RS01,643,48904,44,15,B6,2022,PSME,4,0,", "
64348948,RS01,643,48948,10,89,I9,2022,PSME,1,86,", "
64348927,RS01,643,48927,12,88,I9,2022,PSME,1,53,", "
64348944,RS01,643,48944,45,82,I6,2022,PSME,1,51,", "
643TSHE3,RS01,643,TSHE3,77,82,I3,2022,TSHE,3,19,NA TS
64347930,RS01,643,47930,100,79,H1,2022,BENE,3,32,NA 
64648729,RS01,646,48729,51,54,F5,2022,PSME,1,58,", "
64648708,RS01,646,48708,50,47,E5,2022,PSME,5,0,", "
64648704,RS01,646,48704,56,45,E5,2022,PSME,1,51,", "
64648741,RS01,646,48741,62,37,D4,2022,PSME,5,0,", "
64648741,RS01,646,48741,18,41,E9,2022,BENE,4,0,"MULTI, TALLEST STEM TAGGED, "
64648716,RS01,646,48716,73,12,B3,2022,BENE,1,21,"RESPROUT, RESPROUT"
64648714,RS01,646,48714,51,60,G5,2022,BENE,1,1,"MAIN STEM BURIED, STEM BURIED"
64648712,RS01,646,48712,72,61,G3,2022,BENE,1,29,"RESPROUT, RESPROUT"
64647983,RS01,646,47983,99,8,A1,2022,ARME,3,201,NA 
64647649,RS01,646,47649,100,12,B1,2022,ARME,3,89,NA 
64948702,RS01,649,48702,28,70,H8,2022,PSME,4,0,", "
64948748,RS01,649,48748,47,4,A6,2022,PSME,4,0,", "
64948707,RS01,649,48707,68,34,D4,2022,PSME,4,0,", "
64948935,RS01,649,48935,96,76,H1,2022,PSME,4,0,", "
64948747,RS01,649,48747,67,18,B4,2022,PSME,4,0,", "
63348930,RS01,633,48930,17,90,J9,2022,PSME,1,93,", "
63348941,RS01,633,48941,97,33,D1,2022,PSME,5,0,", "
63348974,RS01,633,48974,43,45,E6,2022,BENE,1,79,", "
63348908,RS01,633,48908,60,60,G4,2022,BENE,1,66,", "
63312329,RS01,633,12329,66,38,D3,2022,CEVE,1,17,"NA UNK1 IN 2021, ID TO SP 2022"
64448943,RS01,644,48943,92,21,C1,2022,PSME,1,126,", "
64448924,RS01,644,48924,92,49,E1,2022,PSME,5,0,", "
64448969,RS01,644,48969,96,54,F1,2022,PSME,1,92,", "
64448933,RS01,644,48933,13,39,D9,2022,TSHE,5,91,", "
64448952,RS01,644,48952,50,48,E5,2022,TSHE,4,0,", "
64448957,RS01,644,48957,22,5,A8,2022,BENE,1,89,", "
64448978,RS01,644,48978,1,36,D10,2022,BENE,1,61,", "
64448905,RS01,644,48905,1,45,E10,2022,BENE,1,91,", "
64448918,RS01,644,48918,13,86,I8,2022,BENE,1,59,", "
64448917,RS01,644,48917,17,92,J9,2022,BENE,1,41,", "
64448984,RS01,644,48984,22,86,I8,2022,BENE,1,96,", "
64448988,RS01,644,48988,50,70,H5,2022,BENE,1,57,", "
64448999,RS01,644,48999,95,83,I1,2022,BENE,1,98,", "
64449000,RS01,644,49000,77,17,B3,2022,TSHE,4,0,", "
64448926,RS01,644,48926,100,80,I1,2022,BENE,1,68,", "
64448932,RS01,644,48932,84,5,A2,2022,PSME,4,0,", "
64447654,RS01,644,47654,60,50,F4,2022,TSHE,1,50,"TS, TAGGED 2022"
64447978,RS01,644,47978,10,32,D9,2022,PSME,3,41,NA 
64447994,RS01,644,47994,30,81,I7,2022,BENE,3,55,NA 
63448987,RS01,634,48987,48,92,J6,2022,PSME,4,0,", "
63448913,RS01,634,48913,64,72,H4,2022,PSME,4,0,", "
63448902,RS01,634,48902,16,57,F9,2022,BENE,1,36,", "
63448911,RS01,634,48911,28,42,E4,2022,BENE,1,48,", "
63448921,RS01,634,48921,28,15,B8,2022,BENE,1,24,", "
63448910,RS01,634,48910,70,40,E3,2022,BENE,1,50,", "
63448993,RS01,634,48993,83,63,G2,2022,BENE,1,28,", "
63448980,RS01,634,48980,76,83,I3,2022,BENE,1,37,", "
63410183,RS01,634,10183,93,59,F1,2022,BENE,3,26,NA 
63412389,RS01,634,12389,92,68,G1,2022,BENE,3,12,NA 
64548757,RS01,645,48757,24,55,F8,2022,PSME,1,50,", "
64548733,RS01,645,48733,47,77,H6,2022,PSME,1,91,", "
64548718,RS01,645,48718,70,78,H3,2022,PSME,1,104,", "
64512315,RS01,645,12315,65,4,A4,2022,BENE,3,17,NA 
645TSHE1,RS01,645,TSHE1,24,45,E8,2022,TSHE,3,8,NA 
65048739,RS01,650,48739,19,11,B9,2022,PSME,5,0,", "
65048725,RS01,650,48725,39,92,J7,2022,BENE,1,12,"MAIN STEM BURIED, "
65048786,RS01,650,48786,33,84,I7,2022,BENE,1,52,", "
65048780,RS01,650,48780,20,37,D8,2022,BENE,1,51,", "
65048711,RS01,650,48711,0,11,B10,2022,BENE,1,27,"ODD, "
65048709,RS01,650,48709,0,9,A10,2022,BENE,1,19,"ODD, "
65048776,RS01,650,48776,41,5,A6,2022,BENE,1,20,", "
65048799,RS01,650,48799,51,0,A5,2022,BENE,1,55,", "
65048800,RS01,650,48800,53,13,B5,2022,BENE,1,21,", "
65048715,RS01,650,48715,75,5,A3,2022,BENE,1,39,", "
65048787,RS01,650,48787,80,9,A2,2022,BENE,1,37,", "
65049612,RS01,650,49612,88,95,J2,2022,BENE,1,12,NA 
64748794,RS01,647,48794,69,25,C4,2022,PSME,4,0,", "
64748761,RS01,647,48761,10,60,G9,2022,PSME,4,0,", "
65348766,RS01,653,48766,80,41,E2,2022,PSME,1,68,", "
65347625,RS01,653,47625,12,42,E9,2022,BENE,3,1,NA STEM BURIED
65312321,RS01,653,12321,45,14,B6,2022,BENE,3,21,NA 
65347934,RS01,653,47934,52,71,H5,2022,BENE,3,16,NA 
65347647,RS01,653,47647,93,91,J1,2022,BENE,3,20,NA 
65347969,RS01,653,47969,98,87,I1,2022,BENE,3,18,NA 
65848735,RS01,658,48735,93,89,I1,2022,PSME,4,0,", "
65848763,RS01,658,48763,93,12,B1,2022,BENE,1,72,", "
65848719,RS01,658,48719,86,10,B2,2022,BENE,1,57,", "
65848717,RS01,658,48717,84,12,B2,2022,BENE,1,66,", "
65848767,RS01,658,48767,79,11,B3,2022,BENE,1,35,", "
65848764,RS01,658,48764,69,21,C4,2022,BENE,5,0,", "
65848737,RS01,658,48737,62,33,D4,2022,BENE,6,0,", "
65848793,RS01,658,48793,86,42,E2,2022,BENE,1,24,", "
65848750,RS01,658,48750,33,27,C7,2022,BENE,1,38,", "
65848795,RS01,658,48795,30,33,C7,2022,BENE,1,37,", "
65848756,RS01,658,48756,58,35,D5,2022,BENE,4,0,", "
65848758,RS01,658,48758,46,55,F6,2022,BENE,1,102,", "
65848784,RS01,658,48784,88,69,G2,2022,BENE,1,45,", "
65848705,RS01,658,48705,90,68,G1,2022,BENE,1,16,", "
65848731,RS01,658,48731,85,97,J2,2022,BENE,6,0,", "
65848762,RS01,658,48762,73,99,J3,2022,BENE,1,43,", "
65848722,RS01,658,48722,32,28,C7,2022,BENE,1,24,", "
65847683,RS01,658,47683,89,81,I1,2022,PSME,3,37,NA 
65812305,RS01,658,12305,12,16,B9,2022,BENE,3,11,NA 
65847927,RS01,658,47927,66,54,F4,2022,BENE,3,21,NA 
658BENE1,RS01,658,BENE1,60,69,G4,2022,BENE,3,14,NA TS
65948727,RS01,659,48727,51,48,E5,2022,BENE,1,1,"STEM BURIED, STEM BURIED"
65948785,RS01,659,48785,17,58,F9,2022,BENE,1,36,", "
65948713,RS01,659,48713,1,29,C10,2022,BENE,1,59,", "
65948790,RS01,659,48790,87,79,H2,2022,CEVE,4,0,", "
65948732,RS01,659,48732,60,74,H4,2022,CEVE,4,0,", "
65948720,RS01,659,48720,85,43,E2,2022,CEVE,1,69,", "
65948772,RS01,659,48772,86,56,F2,2022,CEVE,1,52,", "
659CEVE2,RS01,659,CEVE2,30,20,C7,2022,CEVE,1,15,"TS, TS"
65947936,RS01,659,47936,71,16,B3,2022,CEVE,1,38,"TS, TAGGED 2022"
65912345,RS01,659,12345,53,40,E5,2022,CEVE,1,19,"TS, TAGGED 2022"
65912302,RS01,659,12302,50,46,E5,2022,CEVE,1,46,"TS, TAGGED 2022"
65947639,RS01,659,47639,66,49,E4,2022,CEVE,1,40,"TS, TAGGED 2022"
659CEVE13,RS01,659,CEVE13,74,67,G3,2022,CEVE,1,7,"TS, TS"
65947993,RS01,659,47993,12,71,H9,2022,CEVE,1,19,"TS, TAGGED 2022"
65948769,RS01,659,48769,32,99,J7,2022,PSME,4,0,"plant missing, presumed 6 "
65947968,RS01,659,47968,85,79,H2,2022,CEVE,3,38,NA 
65947628,RS01,659,47628,92,8,A1,2022,BENE,3,22,NA 
65947628,RS01,659,47628,82,32,D2,2022,CEVE,3,41,NA 
65947922,RS01,659,47922,18,89,I9,2022,BENE,3,11,NA 
65912338,RS01,659,12338,94,64,G1,2022,BENE,3,8,NA 
65947938,RS01,659,47938,7,19,B10,2022,BENE,3,11,NA 
66048768,RS01,660,48768,3,93,J10,2022,PSME,5,0,", "
66048798,RS01,660,48798,2,37,D10,2022,PSME,5,0,", "
66048728,RS01,660,48728,24,10,B8,2022,TSHE,4,0,", "
66048779,RS01,660,48779,75,75,H3,2022,BENE,1,36,", "
66048770,RS01,660,48770,3,57,F10,2022,BENE,1,41,", "
66048773,RS01,660,48773,7,59,F10,2022,BENE,1,44,", "
66048754,RS01,660,48754,33,15,B7,2022,BENE,1,46,", "
66048778,RS01,660,48778,55,1,A5,2022,BENE,1,49,", "
66048752,RS01,660,48752,95,1,A1,2022,BENE,1,43,", "
66012373,RS01,660,12373,5,81,I10,2022,BENE,3,21,NA 
66012356,RS01,660,12356,81,82,I2,2022,BENE,3,33,NA 
66148730,RS01,661,48730,90,14,B1,2022,PSME,1,65,", "
66148710,RS01,661,48710,50,10,B5,2022,PSME,4,0,", "
66148760,RS01,661,48760,37,58,F7,2022,BENE,1,37,", "
65248703,RS01,652,48703,20,77,H2,2022,PSME,4,0,", "
65248738,RS01,652,48738,16,65,G9,2022,PSME,1,52,", "
65247919,RS01,652,47919,44,66,G6,2022,CESA,3,129,NA 
65448792,RS01,654,48792,94,85,I1,2022,PSME,1,84,", "
65448742,RS01,654,48742,80,95,J2,2022,PSME,1,54,", "
65448753,RS01,654,48753,74,93,J3,2022,PSME,5,0,", "
65448721,RS01,654,48721,57,40,E5,2022,BENE,1,75,", "
65448736,RS01,654,48736,72,11,B3,2022,BENE,1,61,", "
65448755,RS01,654,48755,83,9,A2,2022,BENE,1,32,", "
65447685,RS01,654,47685,12,89,I9,2022,BENE,3,24,NA 
65447912,RS01,654,47912,10,82,I9,2022,BENE,3,21,NA 
65548723,RS01,655,48723,83,26,C2,2022,PSME,4,0,", "
65148701,RS01,651,48701,42,36,D6,2022,PSME,4,0,", "
65148797,RS01,651,48797,25,56,F8,2022,BENE,1,13,"MULTI  TALLESF TAGGED, "
65112325,RS01,651,12325,40,76,H7,2022,BENE,3,35,NA 
65648789,RS01,656,48789,51,62,G5,2022,THPL,4,0,", "
65645614,RS01,656,45614,35,37,D7,2022,PSME,3,36,NA 
65748724,RS01,657,48724,62,14,B4,2022,PSME,1,38,", "
65712340,RS01,657,12340,91,54,F1,2022,AMAL,1,373,NA ID UPDATED FROM SPDO 
65712332,RS01,657,12332,90,55,F1,2022,AMAL,1,280,NA ID UPDATED FROM SPDO 
66448155,RS01,664,48155,76,87,I3,2022,PSME,4,0,", "
66448105,RS01,664,48105,70,73,H3,2022,PSME,4,0,", "
66448173,RS01,664,48173,83,34,D2,2022,PSME,4,0,", "
66448740,RS01,664,48740,90,43,E1,2022,BENE,4,0,", "
66445663,RS01,664,45663,71,38,D4,2022,ACMA,3,70,NA 
66248751,RS01,662,48751,73,2,A3,2022,PSME,5,0,", "
66248134,RS01,662,48134,56,99,J5,2022,PSME,1,96,", "
66248119,RS01,662,48119,68,25,C4,2022,PSME,5,0,", "
66248185,RS01,662,48185,71,37,D3,2022,PSME,1,102,", "
66248176,RS01,662,48176,15,68,G9,2022,CEVE,4,0,", "
66247942,RS01,662,47942,60,6,A4,2022,PSME,3,42,NA 
66348109,RS01,663,48109,30,78,H7,2022,PSME,1,98,", "
66348113,RS01,663,48113,16,9,A9,2022,BENE,1,91,", "
66348103,RS01,663,48103,53,35,D5,2022,BENE,1,82,", "
66348104,RS01,663,48104,86,36,D2,2022,BENE,1,31,", "
66347951,RS01,663,47951,70,56,F4,2022,BENE,3,25,NA 
66610392,RS15,666,10392,94,26,C1,2022,PSME,5,0,", "
66610361,RS15,666,10361,9,80,J10,2022,BENE,1,19,", "
66610383,RS15,666,10383,33,97,J7,2022,BENE,1,69,", "
66610388,RS15,666,10388,40,91,J6,2022,BENE,1,36,", "
66610328,RS15,666,10328,40,53,E6,2022,BENE,1,31,", "
66610325,RS15,666,10325,54,46,E5,2022,BENE,1,57,", "
66610304,RS15,666,10304,75,99,J3,2022,BENE,1,106,", "
66610399,RS15,666,10399,92,38,D1,2022,BENE,1,41,"MULTI, RESPROUT, TALLEST STEM TAGGED, "
66612344,RS15,666,12344,38,11,B7,2022,BENE,3,11,NA 
66647604,RS15,666,47604,26,10,B8,2022,BENE,3,32,NA 
66647619,RS15,666,47619,3,91,J10,2022,BENE,3,25,NA 
66612454,RS15,666,12454,100,4,A1,2022,ACMA,3,59,NA B
66848140,RS15,668,48140,73,16,B3,2022,PSME,6,0,", "
66810400,RS15,668,10400,37,68,G7,2022,BENE,1,31,", "
66810368,RS15,668,10368,27,66,G8,2022,BENE,1,67,", "
66810308,RS15,668,10308,27,64,G8,2022,BENE,1,10,", "
66810329,RS15,668,10329,36,64,G7,2022,BENE,4,0,", "
66810346,RS15,668,10346,35,96,J7,2022,CEVE,1,41,", "
66810303,RS15,668,10303,26,3,A8,2022,CEVE,5,0,", "
67248499,RS15,672,48499,36,72,H7,2022,PSME,1,50,", "
67248484,RS15,672,48484,73,85,I3,2022,PSME,1,57,", "
67248438,RS15,672,48438,44,88,I6,2022,PSME,5,0,", "
67247939,RS15,672,47939,11,31,D9,2022,BENE,3,15,NA 
67348500,RS15,673,48500,39,27,C7,2022,PSME,5,0,", "
67348494,RS15,673,48494,11,41,E9,2022,PSME,4,0,", "
67310318,RS15,673,10318,73,70,H3,2022,PSME,4,0,", "
67310309,RS15,673,10309,76,73,H3,2022,BENE,1,26,", "
67348453,RS15,673,48453,77,71,H3,2022,BENE,4,0,", "
67348461,RS15,673,48461,17,36,D9,2022,BENE,1,41,", "
67348440,RS15,673,48440,7,51,F10,2022,PSME,5,0,", "
66748734,RS15,667,48734,55,41,E5,2022,PSME,5,0,", "
66748791,RS15,667,48791,64,92,J4,2022,PSME,4,0,", "
66748775,RS15,667,48775,88,82,I2,2022,PSME,1,55,", "
66748139,RS15,667,48139,68,65,G4,2022,PSME,1,144,", "
66748101,RS15,667,48101,37,12,B7,2022,CEVE,4,0,", "
66748162,RS15,667,48162,87,14,B2,2022,CEVE,1,116,", "
66747932,RS15,667,47932,67,54,E5,2022,CEVE,1,95,", RETAGGED 2022 OLD TAG 48106"
66748759,RS15,667,48759,80,57,F2,2022,CEVE,1,98,", "
66748191,RS15,667,48191,100,62,G1,2022,CEVE,4,0,", "
66747673,RS15,667,47673,62,92,J4,2022,PSME,3,91,NA 
66747911,RS15,667,47911,12,67,G9,2022,BENE,3,37,NA 
66747917,RS15,667,47917,37,10,A7,2022,CEVE,3,106,NA 
66712339,RS15,667,12339,67,12,B4,2022,CEVE,3,66,NA 
67410378,RS15,674,10378,96,21,C1,2022,PSME,4,0,", "
67410395,RS15,674,10395,90,95,J1,2022,BENE,4,0,", "
67448448,RS15,674,48448,77,77,H3,2022,BENE,1,33,", "
67448460,RS15,674,48460,99,97,J1,2022,BENE,5,0,", "
67412397,RS15,674,12397,89,9,A2,2022,BENE,3,7,NA 
67447650,RS15,674,47650,82,74,H2,2022,BENE,3,33,NA 
67510354,RS15,675,10354,63,14,B4,2022,PSME,1,105,", "
67548459,RS15,675,48459,68,21,C4,2022,PSME,5,0,", "
67510310,RS15,675,10310,100,79,H1,2022,PSME,4,0,", "
67547613,RS15,675,47613,36,94,J7,2022,BENE,3,15,NA 
67547633,RS15,675,47633,87,79,H2,2022,BENE,3,1,NA STEM BURIEF
67512366,RS15,675,12366,9,45,E10,2022,BENE,3,5,NA 
67947773,RS15,679,47773,18,71,H9,2022,TSHE,4,0,", "
67947708,RS15,679,47708,14,70,H9,2022,CEVE,4,0,", "
67947905,RS15,679,47905,46,81,I6,2022,TSHE,3,16,NA 
67912392,RS15,679,12392,46,80,I6,2022,TSHE,3,19,NA 
67847737,RS15,678,47737,4,23,C10,2022,TSHE,5,0,", "
67847718,RS15,678,47718,2,22,C10,2022,TSHE,4,0,", "
67847760,RS15,678,47760,10,61,G9,2022,TSHE,4,0,", "
67847731,RS15,678,47731,74,1,A3,2022,TSHE,1,34,", "
67847785,RS15,678,47785,36,80,I7,2022,TSHE,4,0,", "
67847788,RS15,678,47788,46,25,C6,2022,TSHE,1,46,", "
67847716,RS15,678,47716,25,74,H8,2022,TSHE,5,0,", "
67847800,RS15,678,47800,62,1,A4,2022,TSHE,4,0,", UWD"
67847753,RS15,678,47753,36,64,G7,2022,TSHE,1,24,", "
67847757,RS15,678,47757,60,4,A4,2022,TSHE,4,0,", UWD"
67847795,RS15,678,47795,94,76,H1,2022,TSHE,4,0,", "
67847714,RS15,678,47714,59,2,A5,2022,TSHE,4,0,", UWD"
67847762,RS15,678,47762,91,73,H1,2022,TSHE,1,48,", "
67848283,RS15,678,48283,39,88,I7,2022,TSHE,1,29,", "
67847793,RS15,678,47793,92,81,I1,2022,TSHE,1,39,", "
67848242,RS15,678,48242,59,73,H5,2022,TSHE,1,31,", "
67848232,RS15,678,48232,42,21,B6,2022,TSHE,1,33,", "
67847748,RS15,678,47748,84,3,A2,2022,TSHE,4,0,", "
67812351,RS15,678,12351,63,7,A4,2022,TSHE,1,19,"TS, TAGGED 2022"
67812326,RS15,678,12326,49,30,C6,2022,TSHE,1,34,"TS TAGGED 2022,"
67812390,RS15,678,12390,11,60,G9,2022,TSHE,1,22,"TS, TAGGED 2022"
67847929,RS15,678,47929,14,60,G9,2022,TSHE,1,22,"TS, TAGGED 2022"
67847908,RS15,678,47908,8,76,G9,2022,TSHE,1,21,"TS, TAGGED 2022"
67847954,RS15,678,47954,36,95,J7,2022,TSHE,1,37,"TS, TAGGED 2022"
67812231,RS15,678,12231,41,75,H6,2022,TSHE,1,39,"TS, TAGGED 2022"
67847610,RS15,678,47610,49,79,H6,2022,TSHE,1,24,"TS, TAGGED 2022"
67812372,RS15,678,12372,56,87,I5,2022,TSHE,1,24,"TS, TAGGED 2022"
67847606,RS15,678,47606,55,75,H5,2022,TSHE,1,51,"TS, TAGGED 2022"
67847907,RS15,678,47907,98,83,I1,2022,TSHE,1,11,"TS, TAGGED 2022"
67810618,RS15,678,10618,97,84,I1,2022,TSHE,1,20,"TS, TAGGED 2022"
67810184,RS15,678,10184,89,67,G2,2022,TSHE,1,20,"TS, TAGGED 2022"
67847631,RS15,678,47631,63,71,H4,2022,ACCI,3,22,NA 
67847660,RS15,678,47660,2,12,B10,2022,ACCI,3,39,NA 
68347953,RS15,683,47953,39,50,F7,2022,TSHE,1,16,"TS, TAGGED 2022"
68047764,RS15,680,47764,20,47,E8,2022,ACMA,4,0,"ODD, "
68012376,RS15,680,12376,1,72,H10,2022,TSHE,1,28,NA 
682TSHE2,RS15,682,TSHE2,50,40,E6,2022,TSHE,3,6,NA 
61148961,WS02,611,48961,16,10,A9,2022,TSHE,5,0,", "
61148963,WS02,611,48963,28,34,D8,2022,TSHE,5,0,", "
61148953,WS02,611,48953,28,39,D8,2022,TSHE,5,0,", "
61148951,WS02,611,48951,53,28,C5,2022,TSHE,4,0,", "
61148971,WS02,611,48971,79,46,E3,2022,PSME,1,96,", "
61148981,WS02,611,48981,93,29,C1,2022,TSHE,5,0,", "
611TSHE42,WS02,611,TSHE42,54,53,F5,2022,TSHE,1,15,"TS, TS"
61148686,WS02,611,48686,18,9,A9,2022,TSHE,3,21,NA 
61145668,WS02,611,45668,9,18,B9,2022,TSHE,3,24,NA 
611TSHE53,WS02,611,TSHE53,2,38,D10,2022,TSHE,3,9,NA TS
61248950,WS02,612,48950,42,73,H6,2022,PSME,5,0,", "
61248983,WS02,612,48983,80,90,J3,2022,PSME,5,0,", "
61210152,WS02,612,10152,66,59,F4,2022,CESA,3,48,NA POS MISSED 2021
61048977,WS02,610,48977,23,60,G8,2022,TSHE,4,0,", "
61048915,WS02,610,48915,21,17,B8,2022,PSME,4,0,", "
61048906,WS02,610,48906,76,29,C3,2022,PSME,4,0,", "
61348946,WS02,613,48946,32,68,G7,2022,TSHE,4,0,", "
61348938,WS02,613,48938,0,42,E10,2022,PSME,4,0,", "
61348979,WS02,613,48979,73,68,G3,2022,PSME,5,0,", "
61348989,WS02,613,48989,30,47,E7,2022,PSME,4,0,", "
61348959,WS02,613,48959,38,32,D7,2022,TSHE,4,0,", "
61348976,WS02,613,48976,71,80,I3,2022,TSHE,4,0,", "
61347742,WS02,613,47742,18,53,F9,2022,CEVE,4,0,", "
61347724,WS02,613,47724,41,23,C6,2022,CEVE,4,0,", "
61347791,WS02,613,47791,42,23,C6,2022,CEVE,5,0,", "
61348551,WS02,613,48551,89,4,B1,2022,PSME,3,81,NA 
61448966,WS02,614,48966,58,84,I5,2022,BENE,1,31,", "
61412328,WS02,614,12328,31,52,F7,2022,TSHE,1,26,NA 
61548945,WS02,615,48945,53,39,D5,2022,TSHE,4,0,", "
61548972,WS02,615,48972,13,49,E9,2022,TSHE,5,0,", "
61548942,WS02,615,48942,39,74,H7,2022,TSHE,4,0,", "
61548991,WS02,615,48991,13,70,H9,2022,TSHE,5,0,", "
61547914,WS02,615,47914,95,81,I1,2022,TSHE,1,24,"TS, TAGGED 2022"
61648940,WS02,616,48940,12,41,E9,2022,ACMA,1,136,", "
61648922,WS02,616,48922,73,49,E3,2022,TSHE,4,0,", "
61610102,WS02,616,10102,69,70,H4,2022,BENE,3,26,NA 
60148596,WS02,601,48596,2,13,B10,2022,TSHE,4,0,", "
60148569,WS02,601,48569,5,12,B10,2022,TSHE,4,0,", "
60148575,WS02,601,48575,1,0,A10,2022,TSHE,1,21,", "
60148559,WS02,601,48559,5,19,B10,2022,TSHE,4,0,", "
60148562,WS02,601,48562,19,15,B9,2022,TSHE,4,0,", "
60148548,WS02,601,48548,22,19,B8,2022,TSHE,4,0," ,"
60148570,WS02,601,48570,22,21,C8,2022,TSHE,4,0,", "
60148551,WS02,601,48551,19,24,C9,2022,TSHE,4,0,", "
60148592,WS02,601,48592,36,6,A7,2022,TSHE,4,0,", "
60148564,WS02,601,48564,46,2,A6,2022,TSHE,4,0,", "
60148573,WS02,601,48573,40,28,C6,2022,THPL,4,0,", "
60148571,WS02,601,48571,73,2,A3,2022,TSHE,4,0,", "
60148545,WS02,601,48545,38,38,D7,2022,TSHE,4,0,", "
60148553,WS02,601,48553,5,41,E10,2022,TSHE,4,0,", "
60148560,WS02,601,48560,28,51,F8,2022,TSHE,4,0,", "
60148542,WS02,601,48542,15,56,F9,2022,TSHE,4,0,", "
60148597,WS02,601,48597,14,57,F9,2022,TSHE,4,0,", "
60148552,WS02,601,48552,70,29,C3,2022,TSHE,5,0,", "
60148540,WS02,601,48540,35,79,H7,2022,TSHE,4,0,", "
60148554,WS02,601,48554,37,78,H7,2022,TSHE,4,0,", "
60148563,WS02,601,48563,39,75,H7,2022,TSHE,4,0,", "
60148572,WS02,601,48572,47,69,G6,2022,TSHE,4,0,", "
60148533,WS02,601,48533,50,67,G5,2022,TSHE,4,0,", "
60148509,WS02,601,48509,49,81,I6,2022,TSHE,4,0,", "
60148557,WS02,601,48557,50,80,I5,2022,TSHE,4,0,", "
60148588,WS02,601,48588,53,92,J5,2022,TSHE,4,0,", "
60148547,WS02,601,48547,54,91,J5,2022,TSHE,4,0,", "
60148525,WS02,601,48525,60,100,J4,2022,TSHE,4,0,", "
60148523,WS02,601,48523,69,89,I4,2022,TSHE,4,0,", "
60148583,WS02,601,48583,60,87,I4,2022,TSHE,4,0,", "
60148517,WS02,601,48517,53,88,I5,2022,TSHE,4,0,", "
60148510,WS02,601,48510,53,87,I5,2022,TSHE,4,0,", "
60148530,WS02,601,48530,80,88,I2,2022,TSHE,4,0,", "
60148582,WS02,601,48582,73,79,H3,2022,TSHE,4,0,", "
60148599,WS02,601,48599,80,90,J2,2022,TSHE,4,0,", "
60148568,WS02,601,48568,65,75,H4,2022,TSHE,4,0,", "
60148541,WS02,601,48541,90,75,H1,2022,TSHE,4,0,", "
60148546,WS02,601,48546,98,97,J1,2022,TSHE,4,0,", "
60148522,WS02,601,48522,95,72,H1,2022,TSHE,4,0,", "
60148505,WS02,601,48505,85,59,F2,2022,TSHE,4,0,", "
60148526,WS02,601,48526,92,52,F1,2022,TSHE,4,0,", "
60148549,WS02,601,48549,50,48,E5,2022,TSHE,4,0,", "
60148586,WS02,601,48586,92,60,G1,2022,TSHE,4,0,", "
60148519,WS02,601,48519,95,60,G1,2022,TSHE,5,0,", "
60148521,WS02,601,48521,99,40,E1,2022,TSHE,4,0,", "
60148585,WS02,601,48585,96,34,D4,2022,TSHE,4,0,", "
60148577,WS02,601,48577,61,40,E4,2022,TSHE,4,0,", "
60148534,WS02,601,48534,95,9,A1,2022,TSHE,4,0,", "
60148578,WS02,601,48578,93,7,A1,2022,TSHE,4,0,", "
60148501,WS02,601,48501,29,7,A8,2022,TSHE,4,0,", "
60147790,WS02,601,47790,25,99,J8,2022,CEVE,1,48,", "
60148593,WS02,601,48593,5,78,H10,2022,PSME,3,36,NA 
60248061,WS02,602,48061,21,18,B8,2022,TSHE,4,0,", "
60248024,WS02,602,48024,90,31,C1,2022,TSHE,4,0,", "
60248085,WS02,602,48085,61,95,J4,2022,TSHE,5,0,", "
60248058,WS02,602,48058,65,97,J4,2022,TSHE,4,0,", "
60248011,WS02,602,48011,59,96,J5,2022,TSHE,5,0,", "
60248012,WS02,602,48012,56,94,J5,2022,TSHE,4,0,", "
60248017,WS02,602,48017,56,95,J5,2022,TSHE,4,0,", "
60248002,WS02,602,48002,55,94,J5,2022,TSHE,4,0,", "
60248027,WS02,602,48027,63,90,J4,2022,TSHE,4,0,", "
60248027,WS02,602,48027,63,89,I4,2022,TSHE,5,0,", "
60248038,WS02,602,48038,76,90,J3,2022,TSHE,4,0,", "
60248007,WS02,602,48007,81,88,I2,2022,TSHE,4,0,", "
60248014,WS02,602,48014,81,82,I2,2022,TSHE,4,0,", "
60248064,WS02,602,48064,80,90,J2,2022,TSHE,5,0,", "
60248005,WS02,602,48005,68,78,H4,2022,TSHE,4,0,", "
60248028,WS02,602,48028,42,94,J6,2022,TSHE,4,0,", "
60248035,WS02,602,48035,46,95,J6,2022,TSHE,4,0,", "
60248056,WS02,602,48056,36,97,J7,2022,TSHE,4,0,", "
60248032,WS02,602,48032,5,71,H10,2022,TSHE,4,0,", "
60248059,WS02,602,48059,22,51,F8,2022,TSHE,1,221,", "
60248040,WS02,602,48040,29,48,E8,2022,TSHE,4,0,", "
60248792,WS02,602,48792,45,47,E6,2022,TSHE,4,0,", "
60248096,WS02,602,48096,32,23,C7,2022,TSHE,4,0,", "
60248535,WS02,602,48535,18,30,D9,2022,TSHE,4,0,", "
60248539,WS02,602,48539,42,69,G6,2022,TSHE,4,0,", "
60248514,WS02,602,48514,72,49,E4,2022,TSHE,4,0,", "
60248527,WS02,602,48527,93,43,E1,2022,TSHE,1,25,", "
60248529,WS02,602,48529,23,56,F8,2022,ACMA,1,186,", UNK CURRANT"
60248532,WS02,602,48532,27,51,F8,2022,ACMA,6,0,", UNK CURRANT"
60248518,WS02,602,48518,27,45,E8,2022,ACMA,1,237,", UNK CURRANT"
60248657,WS02,602,48657,29,47,E8,2022,ACMA,1,121,", UNK CURRANT"
60248593,WS02,602,48593,30,48,E8,2022,ACMA,4,0,", "
60248561,WS02,602,48561,11,59,F9,2022,ACMA,1,101,", UNK CURRANT"
60248502,WS02,602,48502,66,58,F4,2022,TSHE,4,0,", "
60247706,WS02,602,47706,77,20,C3,2022,CEVE,1,264,", "
60247738,WS02,602,47738,69,4,A4,2022,CEVE,1,114,", "
60247725,WS02,602,47725,65,19,B4,2022,CEVE,1,156,", "
60247741,WS02,602,47741,65,34,D4,2022,CEVE,1,289,", "
60247746,WS02,602,47746,64,34,D4,2022,CEVE,1,191,", "
60247720,WS02,602,47720,63,43,E4,2022,CEVE,1,165,", "
60247776,WS02,602,47776,49,34,D6,2022,CEVE,1,310,", "
60247736,WS02,602,47736,42,36,D6,2022,CEVE,1,273,", "
60247765,WS02,602,47765,31,45,E7,2022,CEVE,1,285,", "
60247772,WS02,602,47772,36,50,F7,2022,CEVE,1,172,", "
60247713,WS02,602,47713,28,48,E8,2022,CEVE,1,169,", "
60247752,WS02,602,47752,12,43,E9,2022,CEVE,1,46,", "
60247722,WS02,602,47722,36,59,F7,2022,CEVE,1,247,", "
60247715,WS02,602,47715,33,57,F7,2022,CEVE,1,340,", "
60247798,WS02,602,47798,28,60,G8,2022,CEVE,1,221,", "
60247769,WS02,602,47769,26,59,F8,2022,CEVE,1,59,", "
60247759,WS02,602,47759,23,57,F8,2022,CEVE,5,0,", "
60247717,WS02,602,47717,13,60,G9,2022,CEVE,1,137,", "
60247770,WS02,602,47770,9,63,G10,2022,CEVE,1,124,", "
60248233,WS02,602,48233,4,69,G10,2022,CEVE,1,166,", "
60248213,WS02,602,48213,5,74,H10,2022,CEVE,1,302,", "
60248252,WS02,602,48252,10,82,I9,2022,CEVE,1,170,", "
60248203,WS02,602,48203,4,79,H10,2022,CEVE,1,326,", "
60248220,WS02,602,48220,6,86,I10,2022,CEVE,1,113,", "
60248281,WS02,602,48281,3,89,I10,2022,CEVE,1,198,", "
60248204,WS02,602,48204,5,97,G10,2022,CEVE,1,381,", "
60248243,WS02,602,48243,16,71,H9,2022,CEVE,1,221,", "
60248257,WS02,602,48257,18,100,J9,2022,CEVE,4,0,", "
60248282,WS02,602,48282,33,91,J7,2022,CEVE,1,126,", "
60248298,WS02,602,48298,40,98,J6,2022,CEVE,1,299,", "
60248208,WS02,602,48208,52,96,J5,2022,CEVE,1,472,", DEBRIS"
60248277,WS02,602,48277,69,98,J4,2022,CEVE,1,171,", "
60248230,WS02,602,48230,75,99,J3,2022,CEVE,1,374,", "
60248263,WS02,602,48263,61,56,F4,2022,CEVE,1,363,", "
60248288,WS02,602,48288,72,61,G3,2022,CEVE,1,314,", "
60248225,WS02,602,48225,80,72,H2,2022,CEVE,1,149,", "
60248294,WS02,602,48294,83,65,G2,2022,CEVE,1,136,", "
60248285,WS02,602,48285,62,76,H4,2022,CEVE,1,202,", "
60248268,WS02,602,48268,66,77,H6,2022,CEVE,1,143,", "
60248542,WS02,602,48542,71,29,C4,2022,CEVE,1,76,"TS, TAGGEF 2022"
60248571,WS02,602,48571,5,61,G10,2022,CEVE,1,118,"TS, TAGGED 2022"
60248522,WS02,602,48522,10,67,G9,2022,CEVE,1,72,"TS, TAGGED 2022"
60248547,WS02,602,48547,11,68,G9,2022,CEVE,1,61,"TS, TAGGED 2022"
60248592,WS02,602,48592,19,100,J9,2022,CEVE,1,121,"TS, TAGGED 2022"
60248582,WS02,602,48582,45,78,H6,2022,CEVE,1,265,"TS, TAGGED 2022"
60248292,WS02,602,48292,56,86,I5,2022,CEVE,1,371,", "
602TSHE1,WS02,602,TSHE1,98,6,A1,2022,TSHE,1,9,NA 
60248521,WS02,602,48521,40,76,H6,2022,CEVE,3,105,NA 
60248526,WS02,602,48526,51,74,H5,2022,BENE,3,17,NA 
60347688,WS02,603,47688,28,48,E8,2022,TSHE,1,42,"TS, TAGGED 2022"
60347620,WS02,603,47620,27,8,A8,2022,TSHE,1,29,"TS, TAGGED 2022"
60347670,WS02,603,47670,42,25,C6,2022,TSHE,1,36,"TS, TAGGED 2022"
60347924,WS02,603,47924,80,93,J2,2022,TSHE,1,38,"TS TAGGED 2022,"
60312310,WS02,603,12310,64,60,G4,2022,TSHE,1,20,"TS, TAGGED 2022"
60347635,WS02,603,47635,66,42,E4,2022,TSHE,1,31,"TS, TAGGED 2022"
60310130,WS02,603,10130,65,39,D4,2022,TSHE,1,22,"TS, TAGGED 2022"
60312308,WS02,603,12308,85,18,B2,2022,TSHE,1,56,"TS, TAGGED 2022"
60312322,WS02,603,12322,79,69,G3,2022,TSHE,3,16,NA 
60312400,WS02,603,12400,69,32,D4,2022,TSHE,3,28,NA 
60312352,WS02,603,12352,70,33,D3,2022,TSHE,3,39,NA 
60312384,WS02,603,12384,33,54,F7,2022,PSME,3,32,NA 
60310161,WS02,603,10161,5,74,H10,2022,TSHE,3,18,NA 
60347617,WS02,603,47617,91,15,B1,2022,TSHE,3,57,NA 
60312353,WS02,603,12353,6,48,E10,2022,GASH,3,50,NA 
603RHMA1,WS02,603,RHMA1,70,1,A4,2022,RHMA,3,19,NA 
60447754,WS02,604,47754,24,7,A8,2022,PSME,5,0,", "
60447727,WS02,604,47727,57,22,C5,2022,PSME,6,0,", "
604TSHE7,WS02,604,TSHE7,61,81,I4,2022,TSHE,1,22,"TS, TS, ODD"
604THPL1,WS02,604,THPL1,72,73,H3,2022,THPL,1,21,"TS, TS"
604TSHE12,WS02,604,TSHE12,89,61,G2,2022,TSHE,1,20,"TS, TS"
60447634,WS02,604,47634,66,43,E4,2022,TSHE,1,21,"TS, "
60447692,WS02,604,47692,99,13,B1,2022,TSHE,1,34,"TS, "
60447645,WS02,604,47645,98,9,A1,2022,TSHE,1,22,"TS, "
60448946,WS02,604,48946,98,8,A1,2022,TSHE,1,20,"TS, "
60447962,WS02,604,47962,8,94,J10,2022,RHMA,1,122,"TS, TALLEST STEM MEASURED"
60447946,WS02,604,47946,14,95,J9,2022,RHMA,1,186,"TS, TALLEST STEM MEASURED"
60412368,WS02,604,12368,13,87,I9,2022,RHMA,1,267,"TS, TALLEST STEM MEASURED"
60410127,WS02,604,10127,5,86,I10,2022,RHMA,1,116,"TS, TALLEST STEM MEASURED"
60412318,WS02,604,12318,10,84,I9,2022,RHMA,1,198,"TS, TALLEST STEM MEASURED"
60447697,WS02,604,47697,8,80,I10,2022,RHMA,1,194,"TS, TALLEST STEM MEASURED"
60447657,WS02,604,47657,7,13,B10,2022,PSME,3,46,NA 
60447947,WS02,604,47947,56,12,B5,2022,BENE,3,11,NA 
60447665,WS02,604,47665,61,20,C5,2022,BENE,3,6,NA 
60447926,WS02,604,47926,62,23,C4,2022,BENE,3,10,NA 
60447698,WS02,604,47698,56,52,F5,2022,BENE,3,12,NA 
60447602,WS02,604,47602,58,52,F5,2022,BENE,3,6,NA 
60447691,WS02,604,47691,93,95,F5,2022,BENE,3,16,NA J1
67110386,WS09,671,10386,10,32,D9,2022,BENE,1,72,", "
67110319,WS09,671,10319,48,96,J6,2022,BENE,1,40,", "
67110330,WS09,671,10330,49,94,J6,2022,BENE,1,55,", "
67110320,WS09,671,10320,44,86,I6,2022,BENE,1,63,", "
67148470,WS09,671,48470,40,50,E6,2022,BENE,1,62,", "
67110312,WS09,671,10312,82,91,J2,2022,BENE,1,52,", "
67148441,WS09,671,48441,69,39,D4,2022,BENE,1,51,", "
67148466,WS09,671,48466,69,40,E4,2022,BENE,1,45,", "
67148467,WS09,671,48467,90,35,D1,2022,BENE,1,59,", "
67110379,WS09,671,10379,92,38,D1,2022,BENE,1,45,", "
67148014,WS09,671,48014,67,81,I4,2022,BENE,3,16,NA 
67148539,WS09,671,48539,16,37,D9,2022,BENE,3,35,NA 
66510340,WS09,665,10340,44,77,H6,2022,TSHE,4,0,", "
67010360,WS09,670,10360,11,55,F9,2022,PSME,1,131,", "
67010313,WS09,670,10313,10,45,E9,2022,PSME,1,42,", "
67010355,WS09,670,10355,86,3,A2,2022,TSHE,4,0,", "
67010377,WS09,670,10377,35,90,J7,2022,BENE,1,34,", "
67010321,WS09,670,10321,60,34,D4,2022,BENE,6,0,", "
67010351,WS09,670,10351,85,49,E2,2022,BENE,1,82,", "
66910344,WS09,669,10344,77,57,F3,2022,PSME,4,0,", "
66910363,WS09,669,10363,97,91,J1,2022,BENE,1,35,", "
66910307,WS09,669,10307,90,90,J1,2022,BENE,1,36,", "
66910301,WS09,669,10301,85,94,J2,2022,BENE,1,19,", "
66910315,WS09,669,10315,84,73,H2,2022,BENE,1,19,", "
66910305,WS09,669,10305,67,26,C4,2022,BENE,1,31,", "
66910302,WS09,669,10302,76,18,B3,2022,BENE,1,39,", "
66910364,WS09,669,10364,98,28,C1,2022,BENE,1,61,", "
66947643,WS09,669,47643,3,58,F10,2022,PSME,3,38,NA 
63548855,WS09,635,48855,11,83,I9,2022,PSME,5,0,", "
63547744,WS09,635,47744,1,8,A10,2022,CEVE,1,159,", "
63547921,WS09,635,47921,35,39,I9,2022,CEVE,1,264,", RETAGGED 2022 OLD TAG 47751"
63547908,WS09,635,47908,61,62,G4,2022,BENE,3,39,NA 
63547694,WS09,635,47694,59,71,H5,2022,PSME,3,45,NA 
635SARA1,WS09,635,SARA1,28,2,A8,2022,SARA,3,64,NA 
63648877,WS09,636,48877,63,44,E4,2022,PSME,1,70,", "
63648845,WS09,636,48845,82,16,B2,2022,BENE,1,65,", "
63647799,WS09,636,47799,73,27,C3,2022,CEVE,1,117,"plant missing, presumed 6 "
63647729,WS09,636,47729,88,39,D2,2022,CEVE,4,0,"plant missing, presumed 6 "
63612324,WS09,636,12324,42,33,D6,2022,VAPA,3,119,NA 
63647971,WS09,636,47971,39,33,D7,2022,VAPA,3,81,NA 
63612301,WS09,636,12301,42,36,D6,2022,VAPA,3,206,NA 
63647937,WS09,636,47937,43,38,D6,2022,VAPA,3,123,NA 
63612357,WS09,636,12357,42,39,D6,2022,VAPA,3,96,NA 
63647959,WS09,636,47959,46,40,E6,2022,VAPA,3,58,NA 
63612359,WS09,636,12359,59,58,F5,2022,CEVE,3,46,NA 
63148833,WS09,631,48833,26,17,B8,2022,PSME,5,0,", "
63148805,WS09,631,48805,49,10,B6,2022,PSME,4,0,", "
63148861,WS09,631,48861,37,15,B7,2022,PSME,5,0,", "
63148894,WS09,631,48894,84,15,B2,2022,PSME,1,59,", "
63148827,WS09,631,48827,25,18,B8,2022,TSHE,4,0,", "
63148802,WS09,631,48802,41,12,B6,2022,TSHE,5,0,", "
63148832,WS09,631,48832,57,5,A5,2022,TSHE,5,0,", "
63148824,WS09,631,48824,65,5,A4,2022,TSHE,4,0,", "
63148804,WS09,631,48804,55,90,J5,2022,BENE,1,52,", "
63148900,WS09,631,48900,36,90,J7,2022,BENE,1,35,", "
63148856,WS09,631,48856,44,78,H6,2022,BENE,1,21,", "
63112327,WS09,631,12327,92,14,B1,2022,BENE,3,24,NA 
63147689,WS09,631,47689,89,20,C2,2022,BENE,3,9,NA 
63147607,WS09,631,47607,5,69,G10,2022,BENE,3,12,NA 
63248819,WS09,632,48819,84,35,D2,2022,PSME,4,0,", "
63248815,WS09,632,48815,15,49,E9,2022,TSHE,5,0,", "
63248891,WS09,632,48891,13,89,I9,2022,TSHE,5,0,", "
63248871,WS09,632,48871,35,12,B7,2022,TSHE,5,0,", "
63248853,WS09,632,48853,78,36,D3,2022,TSHE,5,0,", "
63248821,WS09,632,48821,41,70,H6,2022,BENE,1,35,", "
63248859,WS09,632,48859,47,58,F6,2022,BENE,1,77,", "
63248886,WS09,632,48886,73,36,D3,2022,BENE,1,43,", "
63248813,WS09,632,48813,94,65,G1,2022,BENE,1,51,", "
63248836,WS09,632,48836,82,63,G2,2022,BENE,1,91,", "
632TSHE16,WS09,632,TSHE16,90,61,G1,2022,TSHE,3,13,NA TS
63247615,WS09,632,47615,46,59,F6,2022,BENE,3,28,NA 
63212309,WS09,632,12309,22,82,I8,2022,BENE,3,23,NA 
63247681,WS09,632,47681,21,82,I8,2022,BENE,3,12,NA 
63247981,WS09,632,47981,8,51,F10,2022,HODI,1,40,NA HERB CODE 2021
62948865,WS09,629,48865,42,55,E6,2022,PSME,1,31,", "
62948854,WS09,629,48854,48,34,D6,2022,PSME,1,70,", "
62948895,WS09,629,48895,6,15,B10,2022,TSHE,5,0,", "
62912380,WS09,629,12380,39,30,C7,2022,PSME,3,46,NA 
63048847,WS09,630,48847,25,41,E8,2022,PSME,1,65,", "
63048878,WS09,630,48878,55,63,G5,2022,BENE,1,29,", "
63047797,WS09,630,47797,40,19,B6,2022,CEVE,1,72,", "
63047774,WS09,630,47774,37,37,D7,2022,CEVE,1,26,", "
63047728,WS09,630,47728,54,1,A5,2022,CEVE,4,0,", "
63047709,WS09,630,47709,75,7,A3,2022,CEVE,1,49,", "
63047794,WS09,630,47794,98,82,I1,2022,CEVE,1,23,", "
63012312,WS09,630,12312,83,20,C2,2022,CEVE,1,25,"TS, TAGGED 2022"
63012382,WS09,630,12382,83,20,C2,2022,CEVE,3,36,NA 
63047637,WS09,630,47637,82,62,G2,2022,CEVE,3,31,NA 
630CEVE5,WS09,630,CEVE5,81,12,B2,2022,CEVE,3,13,NA TS
62748896,WS09,627,48896,38,37,D7,2022,PSME,1,81,", "
62748864,WS09,627,48864,57,55,F5,2022,PSME,6,0,", "
62748840,WS09,627,48840,72,8,A3,2022,BENE,1,31,", "
62748875,WS09,627,48875,70,36,D3,2022,PSME,1,68,", "
62747712,WS09,627,47712,88,88,I2,2022,CEVE,4,0,", "
62747734,WS09,627,47734,87,88,I2,2022,CEVE,4,0,", "
62747750,WS09,627,47750,85,86,I2,2022,CEVE,4,0,", "
62747792,WS09,627,47792,79,84,I3,2022,CEVE,4,0,", "
62747726,WS09,627,47726,80,82,I2,2022,CEVE,4,0,", "
62747701,WS09,627,47701,87,83,I2,2022,CEVE,4,0,", "
62747768,WS09,627,47768,86,83,I2,2022,CEVE,4,0,", "
62747758,WS09,627,47758,84,82,I2,2022,CEVE,4,0,", "
62747775,WS09,627,47775,81,80,I2,2022,CEVE,4,0,", "
62747749,WS09,627,47749,44,83,I6,2022,CEVE,6,0,", "
62747733,WS09,627,47733,57,76,H5,2022,CEVE,4,0,", "
62747779,WS09,627,47779,35,75,I7,2022,CEVE,4,0,", "
62747616,WS09,627,47616,38,13,B7,2022,BENE,3,1,NA STEM BURIED
62712386,WS09,627,12386,46,12,B6,2022,BENE,3,21,NA 
62747977,WS09,627,47977,47,14,B6,2022,BENE,3,7,NA 
62848852,WS09,628,48852,12,94,J9,2022,PSME,5,0,", "
62848846,WS09,628,48846,48,90,J6,2022,PSME,5,0,", "
62848837,WS09,628,48837,98,9,A1,2022,PSME,1,76,", "
62848826,WS09,628,48826,63,50,F4,2022,PSME,4,0,", "
62848834,WS09,628,48834,56,10,B5,2022,SYMO,4,0,", "
62848831,WS09,628,48831,61,44,F4,2022,SYMO,4,0,", "
62848828,WS09,628,48828,62,36,D4,2022,BENE,4,0,", "
62848869,WS09,628,48869,75,29,C3,2022,BENE,4,0,", "
62847782,WS09,628,47782,95,43,E1,2022,CEVE,4,0,", "
62847745,WS09,628,47745,22,78,H8,2022,PSME,1,82,", "
62812316,WS09,628,12316,12,9,A9,2022,PSME,3,39,NA 
62048985,WS09,620,48985,8,68,G10,2022,PSME,4,0,", "
62048994,WS09,620,48994,25,54,F8,2022,PSME,4,0,", "
62048990,WS09,620,48990,78,66,G3,2022,PSME,4,0,", "
62048925,WS09,620,48925,50,48,E5,2022,TSHE,1,45,", "
62048968,WS09,620,48968,77,39,D3,2022,TSHE,4,0,", "
62048960,WS09,620,48960,46,82,J6,2022,TSHE,4,0,", "
62047958,WS09,620,47958,52,20,C5,2022,TSHE,1,14,"TS, TAGGED 2022"
62047915,WS09,620,47915,95,73,H1,2022,TSHE,1,26,"TS, TAGGED 2022"
62047952,WS09,620,47952,34,96,J7,2022,PSME,3,42,NA 
62148912,WS09,621,48912,28,30,D8,2022,PSME,4,0,", "
62148920,WS09,621,48920,11,50,F9,2022,BENE,1,33,", "
62148949,WS09,621,48949,0,47,E10,2022,BENE,1,26,", B"
62148936,WS09,621,48936,0,65,G10,2022,BENE,1,34,", B"
62148964,WS09,621,48964,50,31,D5,2022,BENE,1,29,", "
62148903,WS09,621,48903,67,55,F4,2022,BENE,1,19,", ODD"
62147944,WS09,621,47944,91,43,E1,2022,BENE,3,9,NA 
62112304,WS09,621,12304,80,21,C2,2022,BENE,3,17,NA 
62147644,WS09,621,47644,78,21,C3,2022,BENE,3,31,NA 
62147667,WS09,621,47667,81,28,C2,2022,BENE,3,56,NA 
62147973,WS09,621,47973,8,40,E10,2022,BENE,3,12,NA 
62248992,WS09,622,48992,18,37,D9,2022,PSME,4,0,", "
62248939,WS09,622,48939,8,61,G10,2022,PSME,5,0,", "
62248916,WS09,622,48916,89,54,F2,2022,PSME,1,97,", "
62248929,WS09,622,48929,64,98,G4,2022,BENE,1,49,", "
62248937,WS09,622,48937,76,89,I3,2022,BENE,1,61,", "
62248923,WS09,622,48923,88,65,G2,2022,BENE,1,39,", "
62248919,WS09,622,48919,6,29,C10,2022,BENE,1,11,"MULTI, TALLEST STEM TAGGED, "
62248995,WS09,622,48995,0,33,D10,2022,BENE,1,31,", "
62248462,WS09,622,48462,43,14,B6,2022,CEVE,1,45,", "
62248487,WS09,622,48487,42,17,B6,2022,CEVE,1,172,", "
62248413,WS09,622,48413,42,18,B6,2022,CEVE,1,63,", "
62247784,WS09,622,47784,44,20,C6,2022,CEVE,1,131,", "
62247787,WS09,622,47787,39,22,C7,2022,CEVE,1,79,", "
62247771,WS09,622,47771,40,21,C6,2022,CEVE,1,56,", "
62247777,WS09,622,47777,28,19,B8,2022,CEVE,1,62,", "
62247767,WS09,622,47767,8,37,D10,2022,CEVE,1,90,", "
62247780,WS09,622,47780,59,26,C5,2022,CEVE,1,110,", "
62247730,WS09,622,47730,59,27,C5,2022,CEVE,1,69,", "
62247766,WS09,622,47766,54,31,D5,2022,CEVE,1,92,", "
62247747,WS09,622,47747,58,37,D5,2022,CEVE,1,78,", "
62247723,WS09,622,47723,7,55,F10,2022,CEVE,1,82,", "
62247904,WS09,622,47904,10,29,C9,2022,CEVE,1,39,"TS, TAGGED 2022"
62247982,WS09,622,47982,36,19,B7,2022,CEVE,1,52,"TS, TAGGED 2022"
622CEVE3,WS09,622,CEVE3,38,25,C7,2022,CEVE,1,18,"TS, TS"
62212358,WS09,622,12358,58,28,C5,2022,CEVE,1,41,"TS, TAGGED 2022"
62247920,WS09,622,47920,21,30,D8,2022,CEVE,3,55,NA 
62247699,WS09,622,47699,55,71,H5,2022,BENE,3,29,NA 
62247693,WS09,622,47693,78,89,I3,2022,BENE,3,12,NA 
62212394,WS09,622,12394,61,62,G4,2022,BENE,3,41,NA 
62247989,WS09,622,47989,61,60,G4,2022,BENE,3,33,NA 
62212365,WS09,622,12365,7,31,D10,2022,BENE,3,19,NA 
62348986,WS09,623,48986,36,41,E7,2022,PSME,1,87,", "
62347646,WS09,623,47646,46,24,C6,2022,PSME,1,79,", RETAGGED 2022 OLD TAG 48958"
62348955,WS09,623,48955,27,64,G8,2022,BENE,1,39,", "
62348982,WS09,623,48982,24,96,J8,2022,BENE,1,30,", "
62348965,WS09,623,48965,28,93,J8,2022,BENE,1,28,", "
62348975,WS09,623,48975,7,73,H10,2022,BENE,1,34,", "
62348931,WS09,623,48931,35,62,G7,2022,BENE,1,49,", "
62348996,WS09,623,48996,44,70,H6,2022,PSME,1,46,", "
62348914,WS09,623,48914,37,94,J7,2022,BENE,1,36,", "
62348947,WS09,623,48947,43,96,J6,2022,BENE,1,30,", "
62348970,WS09,623,48970,41,88,I6,2022,BENE,1,37,", "
62348997,WS09,623,48997,45,75,H6,2022,BENE,1,35,", "
62348973,WS09,623,48973,28,3,A8,2022,BENE,1,52,", "
62348907,WS09,623,48907,45,86,I6,2022,SYMO,5,0,", "
62348901,WS09,623,48901,54,96,J5,2022,SYMO,4,0,", "
62348934,WS09,623,48934,56,100,J5,2022,SYMO,4,0," ,"
62347609,WS09,623,47609,82,85,I2,2022,TSHE,1,30,"TS, TAGGED 2022"
62348928,WS09,623,48928,70,28,C3,2022,PSME,1,105,", "
62348909,WS09,623,48909,81,33,D2,2022,SYMO,4,0,", "
62347778,WS09,623,47778,98,18,B1,2022,CEVE,1,121,", "
62312381,WS09,623,12381,2,33,D10,2022,BENE,3,11,NA 
62312396,WS09,623,12396,19,29,C9,2022,BENE,3,26,NA 
62312387,WS09,623,12387,43,89,I6,2022,BENE,3,21,NA 
62312326,WS09,623,12326,50,71,H5,2022,BENE,3,21,NA 
62312361,WS09,623,12361,52,69,G5,2022,BENE,3,24,NA 
62347967,WS09,623,47967,56,52,F5,2022,BENE,3,24,NA 
62347622,WS09,623,47622,49,41,E6,2022,BENE,3,29,NA 
62312348,WS09,623,12348,78,68,G3,2022,BENE,3,29,NA 
62310190,WS09,623,10190,81,10,B2,2022,BENE,3,16,NA MULTI
62312360,WS09,623,12360,95,8,A1,2022,BENE,3,16,NA 
62347986,WS09,623,47986,91,18,B1,2022,BENE,3,6,NA 
62312337,WS09,623,12337,65,4,A4,2022,BENE,3,41,NA 
62347906,WS09,623,47906,32,5,A7,2022,BENE,3,1,NA STEM BURIED
62347949,WS09,623,47949,18,42,F9,2022,BENE,3,35,NA 
62312307,WS09,623,12307,38,40,E7,2022,BENE,3,12,NA 
62312374,WS09,623,12374,62,81,I6,2022,BENE,3,74,NA 
62448862,WS09,624,48862,22,13,B8,2022,PSME,1,92,", STRESS"
62448889,WS09,624,48889,24,27,C8,2022,PSME,1,91,", "
62448816,WS09,624,48816,66,24,C4,2022,PSME,1,66,", "
62448838,WS09,624,48838,93,95,J1,2022,PSME,4,0,", "
62448807,WS09,624,48807,44,38,D6,2022,BENE,1,69,", "
62412363,WS09,624,12363,9,61,G1,2022,BENE,3,19,NA 
62412379,WS09,624,12379,91,37,D1,2022,BENE,3,19,NA 
62548808,WS09,625,48808,11,15,B9,2022,PSME,1,49,", "
62548830,WS09,625,48830,95,12,B1,2022,PSME,1,131,", "
62548892,WS09,625,48892,98,61,G1,2022,PSME,4,0,", "
62512371,WS09,625,12371,80,65,G2,2022,ACMA,3,75,NA 
625BENE1,WS09,625,BENE1,5,60,G10,2022,BENE,3,2,NA TS
61948818,WS09,619,48818,4,47,E10,2022,PSME,1,76,", "
61948843,WS09,619,48843,18,90,J9,2022,PSME,4,0,", "
61948817,WS09,619,48817,63,51,F4,2022,PSME,4,0,", "
61948825,WS09,619,48825,75,57,F3,2022,PSME,4,0,", "
61948851,WS09,619,48851,92,57,F1,2022,PSME,4,0,", "
61948848,WS09,619,48848,37,11,B7,2022,PSME,1,98,", "
61948893,WS09,619,48893,57,18,B5,2022,PSME,1,56,", ODD"
61948829,WS09,619,48829,19,1,A9,2022,SYMO,4,0," ,"
61948801,WS09,619,48801,42,24,C6,2022,SYMO,4,0," ,"
61948884,WS09,619,48884,43,75,H6,2022,SYMO,4,0," ,"
61948839,WS09,619,48839,71,17,A3,2022,SYMO,4,0," ,"
61948857,WS09,619,48857,78,57,F3,2022,SYMO,4,0," ,"
61947956,WS09,619,47956,80,21,B2,2022,ACMA,3,81,NA 
61947618,WS09,619,47618,97,76,H1,2022,BENE,3,11,NA 
60748444,WS02,607,48444,40,22,C6,2022,CEVE,1,39,", "
60748414,WS02,607,48414,45,1,A6,2022,CEVE,1,40,", "
60747659,WS02,607,47659,20,11,B8,2022,BENE,3,31,NA 
60747901,WS02,607,47901,29,2,A8,2022,BENE,3,17,NA 
60712341,WS02,607,12341,72,33,D4,2022,BENE,3,26,NA 
60948803,WS02,609,48803,16,18,B9,2022,PSME,4,0,", "
60948873,WS02,609,48873,65,61,G4,2022,PSME,4,0,", "
60948885,WS02,609,48885,71,3,A3,2022,PSME,1,61,", "
60948866,WS02,609,48866,70,0,A3,2022,PSME,5,0,"B, "
60948883,WS02,609,48883,80,99,J2,2022,PSME,4,0,", "
60948844,WS02,609,48844,5,84,I10,2022,BENE,1,11,", BROWSED"
60948881,WS02,609,48881,10,81,J10,2022,BENE,5,0,", "
60948860,WS02,609,48860,41,82,I6,2022,BENE,1,31,", "
60948849,WS02,609,48849,55,59,F5,2022,BENE,1,21,", "
60948872,WS02,609,48872,90,63,G1,2022,BENE,1,37,", "
60948822,WS02,609,48822,98,15,B1,2022,BENE,1,61,", "
60912398,WS02,609,12398,55,60,G5,2022,TSHE,1,38,"TS, TAGGED 2022"
60948426,WS02,609,48426,23,20,C8,2022,CEVE,5,0,", "
60948464,WS02,609,48464,16,23,C9,2022,CEVE,1,27,", "
60948412,WS02,609,48412,10,39,D9,2022,CEVE,4,0,", "
60948486,WS02,609,48486,26,29,C8,2022,CEVE,1,29,", "
60948468,WS02,609,48468,73,10,B3,2022,CEVE,4,0,", "
60948483,WS02,609,48483,42,41,E6,2022,CEVE,1,51,", "
60948408,WS02,609,48408,76,70,H3,2022,CEVE,1,31,", "
60947632,WS02,609,47632,48,8,A6,2022,CEVE,1,22,"TS, TAGGED 2022"
60947935,WS02,609,47935,48,54,F6,2022,CEVE,1,46,"TS, TAGGED 2022"
60947918,WS02,609,47918,30,60,G7,2022,CEVE,1,20,"TS, TAGGED 2022"
60912335,WS02,609,12335,4,55,F10,2022,PSME,3,36,NA 
60947940,WS02,609,47940,19,74,H9,2022,BENE,3,26,NA 
60912383,WS02,609,12383,9,40,E10,2022,CEVE,3,31,NA 
60912393,WS02,609,12393,9,5,A10,2022,BENE,3,19,NA 
60912375,WS02,609,12375,51,50,F5,2022,BENE,3,14,NA 
60947916,WS02,609,47916,57,50,F5,2022,BENE,3,30,NA 
60947624,WS02,609,47624,89,35,D2,2022,PSME,3,51,NA 
60947910,WS02,609,47910,40,5,A6,2022,CEVE,3,41,NA 
60947961,WS02,609,47961,66,8,A4,2022,CEVE,3,26,NA 
60548899,WS02,605,48899,60,39,D4,2022,PSME,5,0,", "
60548835,WS02,605,48835,38,87,I7,2022,PSME,6,0,", "
60548882,WS02,605,48882,68,66,G4,2022,PSME,1,86,", "
60547903,WS02,605,47903,15,34,D9,2022,BENE,3,24,NA 
60547985,WS02,605,47985,26,12,B8,2022,PSME,3,37,NA 
605BENE1,WS02,605,BENE1,16,49,F9,2022,BENE,3,1,NA STEM BURIEF
60648897,WS02,606,48897,15,17,B9,2022,PSME,4,0,", "
60648806,WS02,606,48806,97,26,C1,2022,PSME,1,0,", "
60648890,WS02,606,48890,33,17,B7,2022,BENE,4,0,", "
60648879,WS02,606,48879,86,36,D2,2022,BENE,1,31,", "
60648898,WS02,606,48898,58,59,F5,2022,BENE,1,35,", "
60648850,WS02,606,48850,23,95,J8,2022,BENE,1,39,", "
60648887,WS02,606,48887,30,96,J7,2022,BENE,1,33,", "
60648841,WS02,606,48841,48,79,H6,2022,GASH,1,51,", "
60648874,WS02,606,48874,50,75,H5,2022,GASH,1,56,", "
60648842,WS02,606,48842,41,67,G6,2022,ACMA,1,70,", "
60648493,WS02,606,48493,1,52,F10,2022,CEVE,4,0,", "
60648432,WS02,606,48432,30,81,I7,2022,CEVE,4,0,", "
60648445,WS02,606,48445,73,81,I3,2022,CEVE,4,0,", "
60648456,WS02,606,48456,72,85,I3,2022,CEVE,1,41,", "
60610385,WS02,606,10385,45,79,H6,2022,CEVE,4,0,", "
60610176,WS02,606,10176,22,79,H8,2022,CEVE,1,37,"TS, TAGGED 2022"
60647642,WS02,606,47642,22,78,H8,2022,CEVE,1,22,"TS, TAGGED 2022"
606CEVE4,WS02,606,CEVE4,27,71,H8,2022,CEVE,1,14,"TS, TS"
60647966,WS02,606,47966,33,68,G7,2022,CEVE,1,21,"TS, TAGGED 2022"
60647984,WS02,606,47984,33,80,I7,2022,CEVE,1,36,"TS, TAGGED 2022"
60647662,WS02,606,47662,35,79,H7,2022,CEVE,1,39,"TS, TAGGED 2022"
60612323,WS02,606,12323,47,83,I6,2022,CEVE,1,52,"TS, TAGGED 2022"
60647995,WS02,606,47995,64,78,H4,2022,CEVE,1,17,"TS, TAGGED 2022"
60647656,WS02,606,47656,67,82,I4,2022,CEVE,1,24,"TS, TAGGED 2022"
60612334,WS02,606,12334,69,81,I4,2022,CEVE,1,33,"TS, TAGGED 2022"
60647945,WS02,606,47945,69,79,H3,2022,CEVE,1,19,"TS, TAGGED 2022"
60612388,WS02,606,12388,72,86,I3,2022,CEVE,1,41,"TS, TAGGED 2022"
60647990,WS02,606,47990,72,84,I3,2022,CEVE,1,29,"TS, TAGGED 2022"
60647992,WS02,606,47992,72,83,I3,2022,CEVE,1,35,"TS, TAGGED 2022"
60647909,WS02,606,47909,50,74,I6,2022,CEVE,1,19,"TS, TAGGED 2022"
60647661,WS02,606,47661,77,79,I3,2022,CEVE,3,28,NA 
60612314,WS02,606,12314,8,29,C9,2022,BENE,3,8,NA 
60647963,WS02,606,47963,100,32,D1,2022,BENE,3,34,NA 
60647621,WS02,606,47621,49,71,H6,2022,BENE,3,49,NA 
60647948,WS02,606,47948,100,46,E1,2022,CEVE,3,62,NA 
601GHOST,WS02,601,GHOST,99,99,J10,2022,,6,0,GHOST SEEDLING DO NOT SURVEY
602GHOST,WS02,602,GHOST,99,99,J10,2022,,6,0,GHOST SEEDLING DO NOT SURVEY
603GHOST,WS02,603,GHOST,99,99,J10,2022,,6,0,GHOST SEEDLING DO NOT SURVEY
604GHOST,WS02,604,GHOST,99,99,J10,2022,,6,0,GHOST SEEDLING DO NOT SURVEY
605GHOST,WS09,605,GHOST,99,99,J10,2022,,6,0,GHOST SEEDLING DO NOT SURVEY
606GHOST,WS09,606,GHOST,99,99,J10,2022,,6,0,GHOST SEEDLING DO NOT SURVEY
607GHOST,WS09,607,GHOST,99,99,J10,2022,,6,0,GHOST SEEDLING DO NOT SURVEY
609GHOST,WS09,609,GHOST,99,99,J10,2022,,6,0,GHOST SEEDLING DO NOT SURVEY
611GHOST,WS02,611,GHOST,99,99,J10,2022,,6,0,GHOST SEEDLING DO NOT SURVEY
612GHOST,WS02,612,GHOST,99,99,J10,2022,,6,0,GHOST SEEDLING DO NOT SURVEY
613GHOST,WS02,613,GHOST,99,99,J10,2022,,6,0,GHOST SEEDLING DO NOT SURVEY
610GHOST,WS02,610,GHOST,99,99,J10,2022,,6,0,GHOST SEEDLING DO NOT SURVEY
614GHOST,WS02,614,GHOST,99,99,J10,2022,,6,0,GHOST SEEDLING DO NOT SURVEY
615GHOST,WS02,615,GHOST,99,99,J10,2022,,6,0,GHOST SEEDLING DO NOT SURVEY
616GHOST,WS02,616,GHOST,99,99,J10,2022,,6,0,GHOST SEEDLING DO NOT SURVEY
618GHOST,WS02,618,GHOST,99,99,J10,2022,,6,0,GHOST SEEDLING DO NOT SURVEY
619GHOST,WS09,619,GHOST,99,99,J10,2022,,6,0,GHOST SEEDLING DO NOT SURVEY
620GHOST,WS09,620,GHOST,99,99,J10,2022,,6,0,GHOST SEEDLING DO NOT SURVEY
621GHOST,WS09,621,GHOST,99,99,J10,2022,,6,0,GHOST SEEDLING DO NOT SURVEY
622GHOST,WS09,622,GHOST,99,99,J10,2022,,6,0,GHOST SEEDLING DO NOT SURVEY
623GHOST,WS09,623,GHOST,99,99,J10,2022,,6,0,GHOST SEEDLING DO NOT SURVEY
624GHOST,WS09,624,GHOST,99,99,J10,2022,,6,0,GHOST SEEDLING DO NOT SURVEY
625GHOST,WS09,625,GHOST,99,99,J10,2022,,6,0,GHOST SEEDLING DO NOT SURVEY
627GHOST,WS09,627,GHOST,99,99,J10,2022,,6,0,GHOST SEEDLING DO NOT SURVEY
628GHOST,WS09,628,GHOST,99,99,J10,2022,,6,0,GHOST SEEDLING DO NOT SURVEY
629GHOST,WS09,629,GHOST,99,99,J10,2022,,6,0,GHOST SEEDLING DO NOT SURVEY
630GHOST,WS09,630,GHOST,99,99,J10,2022,,6,0,GHOST SEEDLING DO NOT SURVEY
631GHOST,WS09,631,GHOST,99,99,J10,2022,,6,0,GHOST SEEDLING DO NOT SURVEY
632GHOST,WS09,632,GHOST,99,99,J10,2022,,6,0,GHOST SEEDLING DO NOT SURVEY
635GHOST,WS09,635,GHOST,99,99,J10,2022,,6,0,GHOST SEEDLING DO NOT SURVEY
636GHOST,WS09,636,GHOST,99,99,J10,2022,,6,0,GHOST SEEDLING DO NOT SURVEY
637GHOST,WS09,637,GHOST,99,99,J10,2022,,6,0,GHOST SEEDLING DO NOT SURVEY
638GHOST,RS01,638,GHOST,99,99,J10,2022,,6,0,GHOST SEEDLING DO NOT SURVEY
639GHOST,RS01,639,GHOST,99,99,J10,2022,,6,0,GHOST SEEDLING DO NOT SURVEY
640GHOST,RS01,640,GHOST,99,99,J10,2022,,6,0,GHOST SEEDLING DO NOT SURVEY
641GHOST,RS01,641,GHOST,99,99,J10,2022,,6,0,GHOST SEEDLING DO NOT SURVEY
642GHOST,RS01,642,GHOST,99,99,J10,2022,,6,0,GHOST SEEDLING DO NOT SURVEY
643GHOST,RS01,643,GHOST,99,99,J10,2022,,6,0,GHOST SEEDLING DO NOT SURVEY
644GHOST,RS01,644,GHOST,99,99,J10,2022,,6,0,GHOST SEEDLING DO NOT SURVEY
633GHOST,RS01,633,GHOST,99,99,J10,2022,,6,0,GHOST SEEDLING DO NOT SURVEY
634GHOST,RS01,634,GHOST,99,99,J10,2022,,6,0,GHOST SEEDLING DO NOT SURVEY
645GHOST,RS01,645,GHOST,99,99,J10,2022,,6,0,GHOST SEEDLING DO NOT SURVEY
646GHOST,RS01,646,GHOST,99,99,J10,2022,,6,0,GHOST SEEDLING DO NOT SURVEY
648GHOST,RS01,648,GHOST,99,99,J10,2022,,6,0,GHOST SEEDLING DO NOT SURVEY
649GHOST,RS01,649,GHOST,99,99,J10,2022,,6,0,GHOST SEEDLING DO NOT SURVEY
650GHOST,RS01,650,GHOST,99,99,J10,2022,,6,0,GHOST SEEDLING DO NOT SURVEY
651GHOST,RS01,651,GHOST,99,99,J10,2022,,6,0,GHOST SEEDLING DO NOT SURVEY
652GHOST,RS01,652,GHOST,99,99,J10,2022,,6,0,GHOST SEEDLING DO NOT SURVEY
653GHOST,RS01,653,GHOST,99,99,J10,2022,,6,0,GHOST SEEDLING DO NOT SURVEY
647GHOST,RS01,647,GHOST,99,99,J10,2022,,6,0,GHOST SEEDLING DO NOT SURVEY
654GHOST,RS01,654,GHOST,99,99,J10,2022,,6,0,GHOST SEEDLING DO NOT SURVEY
655GHOST,RS01,655,GHOST,99,99,J10,2022,,6,0,GHOST SEEDLING DO NOT SURVEY
656GHOST,RS01,656,GHOST,99,99,J10,2022,,6,0,GHOST SEEDLING DO NOT SURVEY
657GHOST,RS01,657,GHOST,99,99,J10,2022,,6,0,GHOST SEEDLING DO NOT SURVEY
658GHOST,RS01,658,GHOST,99,99,J10,2022,,6,0,GHOST SEEDLING DO NOT SURVEY
659GHOST,RS01,659,GHOST,99,99,J10,2022,,6,0,GHOST SEEDLING DO NOT SURVEY
660GHOST,RS01,660,GHOST,99,99,J10,2022,,6,0,GHOST SEEDLING DO NOT SURVEY
661GHOST,RS01,661,GHOST,99,99,J10,2022,,6,0,GHOST SEEDLING DO NOT SURVEY
662GHOST,RS01,662,GHOST,99,99,J10,2022,,6,0,GHOST SEEDLING DO NOT SURVEY
663GHOST,RS01,663,GHOST,99,99,J10,2022,,6,0,GHOST SEEDLING DO NOT SURVEY
664GHOST,RS01,664,GHOST,99,99,J10,2022,,6,0,GHOST SEEDLING DO NOT SURVEY
667GHOST,RS08,667,GHOST,99,99,J10,2022,,6,0,GHOST SEEDLING DO NOT SURVEY
668GHOST,RS08,668,GHOST,99,99,J10,2022,,6,0,GHOST SEEDLING DO NOT SURVEY
666GHOST,RS08,666,GHOST,99,99,J10,2022,,6,0,GHOST SEEDLING DO NOT SURVEY
669GHOST,WS09,669,GHOST,99,99,J10,2022,,6,0,GHOST SEEDLING DO NOT SURVEY
670GHOST,WS09,670,GHOST,99,99,J10,2022,,6,0,GHOST SEEDLING DO NOT SURVEY
665GHOST,WS09,665,GHOST,99,99,J10,2022,,6,0,GHOST SEEDLING DO NOT SURVEY
671GHOST,WS09,671,GHOST,99,99,J10,2022,,6,0,GHOST SEEDLING DO NOT SURVEY
672GHOST,RS08,672,GHOST,99,99,J10,2022,,6,0,GHOST SEEDLING DO NOT SURVEY
673GHOST,RS08,673,GHOST,99,99,J10,2022,,6,0,GHOST SEEDLING DO NOT SURVEY
674GHOST,RS08,674,GHOST,99,99,J10,2022,,6,0,GHOST SEEDLING DO NOT SURVEY
675GHOST,RS08,675,GHOST,99,99,J10,2022,,6,0,GHOST SEEDLING DO NOT SURVEY
677GHOST,RS15,677,GHOST,99,99,J10,2022,,6,0,GHOST SEEDLING DO NOT SURVEY
678GHOST,RS15,678,GHOST,99,99,J10,2022,,6,0,GHOST SEEDLING DO NOT SURVEY
679GHOST,RS15,679,GHOST,99,99,J10,2022,,6,0,GHOST SEEDLING DO NOT SURVEY
680GHOST,RS15,680,GHOST,99,99,J10,2022,,6,0,GHOST SEEDLING DO NOT SURVEY
681GHOST,RS15,681,GHOST,99,99,J10,2022,,6,0,GHOST SEEDLING DO NOT SURVEY
682GHOST,RS15,682,GHOST,99,99,J10,2022,,6,0,GHOST SEEDLING DO NOT SURVEY
683GHOST,RS15,683,GHOST,99,99,J10,2022,,6,0,GHOST SEEDLING DO NOT SURVEY
684GHOST,RS15,684,GHOST,99,99,J10,2022,,6,0,GHOST SEEDLING DO NOT SURVEY